{"aoe":30,"damping":0.3,"mesh":[0.34055126,-0.6597073,0.10652292,0.13448656,-0.033699155,0.09312546,-0.25737447,-0.15541017,-0.50114125,-0.17168128,0.5534525,-0.87420607,-0.31157178,-0.12525642,0.9535475,-0.63430905,-0.7781508,0.3086077,-0.12578857,0.12432444,-0.35796303,-0.9823053,0.24376142,0.25842297,-0.31262964,0.6592555,-0.60947603,0.4961363,0.2545234,-0.055253625,0.62372756,-0.15011656,-0.89732647,-0.79308724,-0.7916174,-0.07128823,-0.24899185,0.42399585,-0.25882286,0.13558424,0.86102295,0.1069628,0.97486615,0.8052447,0.3974496,-0.20820177,0.3491999,-0.6910298,0.5950422,-0.03329265,0.013899207,0.96907353,-0.55617636,0.8611667,0.8162494,-0.4486434,0.3707775,0.024675727,-0.8757312,0.95375896,0.94369626,-0.6004154,-0.62908053,0.6326914]}
