{"aoe":59.888885,"damping":0.14435735,"mesh":[-0.96491694,-0.2456106,0.6298115,-0.49570292,0.13421953,-0.21433413,0.54051375,0.6967056,-0.49031705,-0.28308886,0.23427594,0.54839087,-0.1093353,0.20277297,-0.64519596,-0.58437485,0.24516141,-0.5763752,-0.4331295,0.9365065,0.83228254,-0.028839469,0.66427493,0.7184746,0.05516374,-0.46646708,0.7286172,-0.71545815,-0.21232855,-0.98623204,0.5831413,0.6906669,-0.7290168,0.6070137,-0.13937914,0.84844136,-0.6550393,-0.3233618,0.53072286,-0.2166084,-0.72567105,0.41972435,-0.77323437,0.6977546,0.45439756,-0.3679058,-0.124862075,0.99733853,0.047733903,-0.71890116,-0.24568641,-0.5602934,0.1296531,-0.9932487,0.9805918,0.5037875,-0.80874085,0.34400618,-0.5981347,-0.65453935,-0.6555555,-0.07723868,-0.3690166,-0.10639393]}
